{
    "Z": 0.0046785624201593125,
    "A": 0.08177313447410717,
    "D": 0.036956574804111686,
    "I": 0.0735876843963992,
    "G": 0.010837991554177489,
    "O": 0.04883605503617294,
    "U": 0.06249745730304339,
    "L": 0.05505244058226527,
    "E": 0.16092627399287596,
    "S": 0.07065036085956762,
    "T": 0.06763980765007264,
    "N": 0.06204994263676711,
    "V": 0.017168289924410173,
    "R": 0.06259509686659458,
    "P": 0.025638522062472156,
    "B": 0.010691532208850768,
    "J": 0.005809554031293429,
    ",": 0.015492144083448818,
    "Q": 0.012693143261649277,
    "M": 0.02738789757609687,
    "F": 0.0097151365733393,
    "H": 0.008397002465398819,
    "'": 0.013954320957518257,
    "C": 0.026240632704370895,
    "X": 0.003913719172341996,
    ".": 0.00882824387108305,
    "-": 0.003319745160739155,
    "Y": 0.003173285815412427,
    ";": 0.003710303414943763,
    "\"": 0.0023840326767072817,
    "?": 0.000626520532786551,
    "1": 0.0001057761938470802,
    ":": 0.001480866713859126,
    "!": 0.0009275758537359322,
    "2": 3.2546521183716976e-05,
    "3": 1.6273260591858488e-05,
    "K": 1.6273260591858488e-05,
    "4": 1.6273260591858488e-05,
    "(": 1.6273260591858488e-05,
    ")": 1.6273260591858488e-05,
    "5": 1.6273260591858488e-05,
    "6": 1.6273260591858488e-05,
    "7": 1.6273260591858488e-05,
    "8": 1.6273260591858488e-05,
    "9": 1.6273260591858488e-05,
    "0": 1.6273260591858488e-05,
    ">": 4.881978177557546e-05
}